{"death_counts": [712.0, 706.0, 1074.0, 902.0, 1102.0, 989.0, 1029.0, 709.0, 757.0, 706.0, 701.0, 712.0, 1078.0, 710.0, 697.0, 704.0, 711.0, 921.0, 1028.0, 1027.0, 980.0, 1077.0, 1078.0, 698.0, 1078.0, 1004.0, 715.0, 917.0, 1007.0, 736.0], "mean_benefits": [619.9390875206685, 635.3191357563326, 461.0620511365373, 540.9132209614866, 474.80259087967545, 512.6183040644174, 495.75284114338433, 615.5661763023676, 699.7506397132967, 624.7885360636479, 621.3618322008624, 603.5145882104733, 459.81512294388045, 599.9982102905274, 622.2915616041797, 621.0907188573965, 621.3826289793815, 547.1796896105333, 500.95234143539466, 498.24340119599395, 513.2111253310894, 463.1342212069221, 470.9945121395172, 623.0611784314932, 460.3988763977267, 518.440062628852, 625.777024505167, 597.1822308425408, 516.396219867228, 627.9467131013389], "mean_survivals": [2748.676772824959, 2753.587445869788, 2434.654312161587, 2563.540860933039, 2420.1060970571543, 2500.801489057669, 2470.176541272835, 2752.2843500949875, 2689.2928389365898, 2756.7064779512552, 2760.8167488012614, 2750.4785093803575, 2431.426500002258, 2747.3061665547802, 2763.0887848952425, 2757.6763992951055, 2749.431866080451, 2514.6020831270603, 2469.6550803950013, 2470.78987423251, 2504.056558729608, 2432.732818343928, 2434.6648326292166, 2764.1689167304958, 2431.4856940059917, 2490.729553965068, 2741.3043146928862, 2557.2754767593246, 2487.065231437854, 2720.580848327346], "death_rates": [0.15964125560538117, 0.15829596412556055, 0.24080717488789238, 0.2022421524663677, 0.24708520179372198, 0.22174887892376682, 0.23071748878923767, 0.15896860986547084, 0.16973094170403588, 0.15829596412556055, 0.15717488789237669, 0.15964125560538117, 0.24170403587443945, 0.1591928251121076, 0.1562780269058296, 0.15784753363228698, 0.1594170403587444, 0.20650224215246638, 0.2304932735426009, 0.2302690582959641, 0.21973094170403587, 0.24147982062780268, 0.24170403587443945, 0.15650224215246636, 0.24170403587443945, 0.22511210762331837, 0.16031390134529147, 0.20560538116591928, 0.2257847533632287, 0.16502242152466368]}